Participante,Ordem,Classificação,Tempo Gasto
bc2584302fffead698e1809107a60040,1,positiva,299.2
bc2584302fffead698e1809107a60040,2,positiva,11.47
bc2584302fffead698e1809107a60040,3,negativa,16.59
bc2584302fffead698e1809107a60040,4,neutra,22.17
bc2584302fffead698e1809107a60040,5,positiva,5.72
bc2584302fffead698e1809107a60040,6,positiva,8.04
bc2584302fffead698e1809107a60040,7,positiva,2.75
bc2584302fffead698e1809107a60040,8,positiva,32.54
bc2584302fffead698e1809107a60040,9,neutra,10.87
bc2584302fffead698e1809107a60040,10,negativa,3.44
bc2584302fffead698e1809107a60040,11,positiva,5.52
bc2584302fffead698e1809107a60040,12,neutra,3.67
bc2584302fffead698e1809107a60040,13,positiva,4.08
bc2584302fffead698e1809107a60040,14,negativa,8.82
bc2584302fffead698e1809107a60040,15,positiva,5.52
bc2584302fffead698e1809107a60040,16,negativa,2.9
bc2584302fffead698e1809107a60040,17,neutra,4.98
bc2584302fffead698e1809107a60040,18,negativa,11.28
bc2584302fffead698e1809107a60040,19,negativa,4.7
bc2584302fffead698e1809107a60040,20,positiva,6.86
bc2584302fffead698e1809107a60040,21,negativa,2.14
bc2584302fffead698e1809107a60040,22,positiva,6.4
bc2584302fffead698e1809107a60040,23,negativa,8.18
bc2584302fffead698e1809107a60040,24,positiva,3.7
bc2584302fffead698e1809107a60040,25,negativa,5.25
bc2584302fffead698e1809107a60040,26,neutra,4.14
bc2584302fffead698e1809107a60040,27,positiva,5.59
bc2584302fffead698e1809107a60040,28,negativa,7.56
bc2584302fffead698e1809107a60040,29,positiva,1917.07
bc2584302fffead698e1809107a60040,30,negativa,6.48
bc2584302fffead698e1809107a60040,31,positiva,67.03
bc2584302fffead698e1809107a60040,32,positiva,5.47
bc2584302fffead698e1809107a60040,33,positiva,6.09
bc2584302fffead698e1809107a60040,34,positiva,2.53
bc2584302fffead698e1809107a60040,35,negativa,4.75
bc2584302fffead698e1809107a60040,36,positiva,14.49
bc2584302fffead698e1809107a60040,37,negativa,1.85
bc2584302fffead698e1809107a60040,38,neutra,3.54
bc2584302fffead698e1809107a60040,39,positiva,10.86
bc2584302fffead698e1809107a60040,40,negativa,3.28
bc2584302fffead698e1809107a60040,41,positiva,3.56
bc2584302fffead698e1809107a60040,42,negativa,14.9
bc2584302fffead698e1809107a60040,43,positiva,4.18
bc2584302fffead698e1809107a60040,44,positiva,10.21
bc2584302fffead698e1809107a60040,45,positiva,10.87
bc2584302fffead698e1809107a60040,46,neutra,6.51
bc2584302fffead698e1809107a60040,47,positiva,7.14
bc2584302fffead698e1809107a60040,48,negativa,5.86
bc2584302fffead698e1809107a60040,49,negativa,8.08
bc2584302fffead698e1809107a60040,50,negativa,2.06
bc2584302fffead698e1809107a60040,51,positiva,5.76
bc2584302fffead698e1809107a60040,52,negativa,6.4
bc2584302fffead698e1809107a60040,53,neutra,4.88
bc2584302fffead698e1809107a60040,54,positiva,5.07
bc2584302fffead698e1809107a60040,55,negativa,6.14
bc2584302fffead698e1809107a60040,56,negativa,1902.94
bc2584302fffead698e1809107a60040,57,neutra,2.54
bc2584302fffead698e1809107a60040,58,positiva,12.9
bc2584302fffead698e1809107a60040,59,positiva,10.1
bc2584302fffead698e1809107a60040,60,positiva,10.8
bc2584302fffead698e1809107a60040,61,positiva,2.04
bc2584302fffead698e1809107a60040,62,negativa,11.25
bc2584302fffead698e1809107a60040,63,negativa,3.86
bc2584302fffead698e1809107a60040,64,positiva,16.65
bc2584302fffead698e1809107a60040,65,negativa,3.0
bc2584302fffead698e1809107a60040,66,negativa,3.37
bc2584302fffead698e1809107a60040,67,positiva,41.37
bc2584302fffead698e1809107a60040,68,negativa,550.98
bc2584302fffead698e1809107a60040,69,negativa,3.04
bc2584302fffead698e1809107a60040,70,negativa,7.99
bc2584302fffead698e1809107a60040,71,neutra,4.07
bc2584302fffead698e1809107a60040,72,negativa,3.18
bc2584302fffead698e1809107a60040,73,negativa,3.2
bc2584302fffead698e1809107a60040,74,positiva,3.25
bc2584302fffead698e1809107a60040,75,positiva,3.51
bc2584302fffead698e1809107a60040,76,negativa,2.34
bc2584302fffead698e1809107a60040,77,positiva,7.62
bc2584302fffead698e1809107a60040,78,negativa,5.65
bc2584302fffead698e1809107a60040,79,neutra,7.41
bc2584302fffead698e1809107a60040,80,negativa,5.29
bc2584302fffead698e1809107a60040,81,positiva,5.38
bc2584302fffead698e1809107a60040,82,negativa,2.24
bc2584302fffead698e1809107a60040,83,negativa,3.05
bc2584302fffead698e1809107a60040,84,positiva,84.26
bc2584302fffead698e1809107a60040,85,neutra,4.17
bc2584302fffead698e1809107a60040,86,positiva,2.76
bc2584302fffead698e1809107a60040,87,negativa,5.3
bc2584302fffead698e1809107a60040,88,negativa,23.87
bc2584302fffead698e1809107a60040,89,positiva,62.64
bc2584302fffead698e1809107a60040,90,neutra,6.69
bc2584302fffead698e1809107a60040,91,negativa,3.43
bc2584302fffead698e1809107a60040,92,positiva,5.0
bc2584302fffead698e1809107a60040,93,positiva,4.55
bc2584302fffead698e1809107a60040,94,neutra,2.84
bc2584302fffead698e1809107a60040,95,negativa,3.44
bc2584302fffead698e1809107a60040,96,positiva,7.87
bc2584302fffead698e1809107a60040,97,neutra,3.09
bc2584302fffead698e1809107a60040,98,positiva,2.81
bc2584302fffead698e1809107a60040,99,positiva,8.84
bc2584302fffead698e1809107a60040,100,negativa,2.39
bc2584302fffead698e1809107a60040,101,positiva,3.36
bc2584302fffead698e1809107a60040,102,negativa,3.01
bc2584302fffead698e1809107a60040,103,negativa,3.0
bc2584302fffead698e1809107a60040,104,neutra,2.16
bc2584302fffead698e1809107a60040,105,neutra,11.88
bc2584302fffead698e1809107a60040,106,positiva,3.61
bc2584302fffead698e1809107a60040,107,positiva,3.23
bc2584302fffead698e1809107a60040,108,positiva,8.74
bc2584302fffead698e1809107a60040,109,positiva,4.11
bc2584302fffead698e1809107a60040,110,positiva,2.13
bc2584302fffead698e1809107a60040,111,positiva,5.19
bc2584302fffead698e1809107a60040,112,neutra,6.37
bc2584302fffead698e1809107a60040,113,negativa,3.78
bc2584302fffead698e1809107a60040,114,positiva,2.94
bc2584302fffead698e1809107a60040,115,negativa,1.95
bc2584302fffead698e1809107a60040,116,negativa,6.61
bc2584302fffead698e1809107a60040,117,positiva,2.78
bc2584302fffead698e1809107a60040,118,neutra,4.01
bc2584302fffead698e1809107a60040,119,negativa,26.19
bc2584302fffead698e1809107a60040,120,positiva,2.86
bc2584302fffead698e1809107a60040,121,positiva,6.38
bc2584302fffead698e1809107a60040,122,negativa,148.96
bc2584302fffead698e1809107a60040,123,negativa,2.59
bc2584302fffead698e1809107a60040,124,positiva,1.84
bc2584302fffead698e1809107a60040,125,neutra,2.55
bc2584302fffead698e1809107a60040,126,negativa,4.22
bc2584302fffead698e1809107a60040,127,positiva,5.38
bc2584302fffead698e1809107a60040,128,positiva,2.08
bc2584302fffead698e1809107a60040,129,negativa,3.83
bc2584302fffead698e1809107a60040,130,negativa,7.29
bc2584302fffead698e1809107a60040,131,negativa,3.06
bc2584302fffead698e1809107a60040,132,positiva,9.46
bc2584302fffead698e1809107a60040,133,positiva,3.1
bc2584302fffead698e1809107a60040,134,neutra,3.0
bc2584302fffead698e1809107a60040,135,positiva,3.95
bc2584302fffead698e1809107a60040,136,neutra,3.46
bc2584302fffead698e1809107a60040,137,positiva,5.61
bc2584302fffead698e1809107a60040,138,neutra,2.46
bc2584302fffead698e1809107a60040,139,positiva,2.7
bc2584302fffead698e1809107a60040,140,positiva,7.87
bc2584302fffead698e1809107a60040,141,negativa,3.45
bc2584302fffead698e1809107a60040,142,positiva,3.52
bc2584302fffead698e1809107a60040,143,negativa,3.6
bc2584302fffead698e1809107a60040,144,negativa,2.75
bc2584302fffead698e1809107a60040,145,positiva,2.64
bc2584302fffead698e1809107a60040,146,positiva,3.61
bc2584302fffead698e1809107a60040,147,positiva,2.84
bc2584302fffead698e1809107a60040,148,negativa,3.58
bc2584302fffead698e1809107a60040,149,positiva,3.22
bc2584302fffead698e1809107a60040,150,positiva,20.46
bdf066947686ab2cd01768f202816430,1,positiva,39.66
bdf066947686ab2cd01768f202816430,2,positiva,24.25
bdf066947686ab2cd01768f202816430,3,neutra,133.32
bdf066947686ab2cd01768f202816430,4,positiva,10.34
bdf066947686ab2cd01768f202816430,5,positiva,5.13
bdf066947686ab2cd01768f202816430,6,negativa,8.81
bdf066947686ab2cd01768f202816430,7,positiva,3.65
bdf066947686ab2cd01768f202816430,8,positiva,32.38
bdf066947686ab2cd01768f202816430,9,negativa,3.99
bdf066947686ab2cd01768f202816430,10,negativa,4.38
bdf066947686ab2cd01768f202816430,11,positiva,28.29
bdf066947686ab2cd01768f202816430,12,neutra,3.25
bdf066947686ab2cd01768f202816430,13,neutra,3.73
bdf066947686ab2cd01768f202816430,14,negativa,10.37
bdf066947686ab2cd01768f202816430,15,negativa,10.53
bdf066947686ab2cd01768f202816430,16,neutra,3.14
bdf066947686ab2cd01768f202816430,17,neutra,3.75
bdf066947686ab2cd01768f202816430,18,negativa,14.5
bdf066947686ab2cd01768f202816430,19,negativa,147.34
bdf066947686ab2cd01768f202816430,20,negativa,5.39
bdf066947686ab2cd01768f202816430,21,neutra,2.9
bdf066947686ab2cd01768f202816430,22,neutra,4.78
bdf066947686ab2cd01768f202816430,23,neutra,6.43
bdf066947686ab2cd01768f202816430,24,neutra,7.12
bdf066947686ab2cd01768f202816430,25,neutra,8.08
bdf066947686ab2cd01768f202816430,26,neutra,1.99
bdf066947686ab2cd01768f202816430,27,neutra,4.83
bdf066947686ab2cd01768f202816430,28,neutra,5.44
bdf066947686ab2cd01768f202816430,29,neutra,13.47
bdf066947686ab2cd01768f202816430,30,neutra,7.61
bdf066947686ab2cd01768f202816430,31,neutra,12.62
bdf066947686ab2cd01768f202816430,32,neutra,10.42
bdf066947686ab2cd01768f202816430,33,neutra,3.12
bdf066947686ab2cd01768f202816430,34,positiva,4.39
bdf066947686ab2cd01768f202816430,35,negativa,6.62
bdf066947686ab2cd01768f202816430,36,neutra,10.45
bdf066947686ab2cd01768f202816430,37,negativa,3.24
bdf066947686ab2cd01768f202816430,38,neutra,2.1
bdf066947686ab2cd01768f202816430,39,positiva,14.34
bdf066947686ab2cd01768f202816430,40,negativa,9.4
bdf066947686ab2cd01768f202816430,41,neutra,3.13
bdf066947686ab2cd01768f202816430,42,negativa,7.51
bdf066947686ab2cd01768f202816430,43,neutra,2.98
bdf066947686ab2cd01768f202816430,44,neutra,7.59
bdf066947686ab2cd01768f202816430,45,neutra,3.91
bdf066947686ab2cd01768f202816430,46,neutra,6.1
bdf066947686ab2cd01768f202816430,47,neutra,6.9
bdf066947686ab2cd01768f202816430,48,negativa,15.29
bdf066947686ab2cd01768f202816430,49,negativa,8.96
bdf066947686ab2cd01768f202816430,50,negativa,3.88
bdf066947686ab2cd01768f202816430,51,neutra,6.39
bdf066947686ab2cd01768f202816430,52,negativa,6.46
bdf066947686ab2cd01768f202816430,53,neutra,7.7
bdf066947686ab2cd01768f202816430,54,neutra,13.82
bdf066947686ab2cd01768f202816430,55,negativa,11.5
bdf066947686ab2cd01768f202816430,56,neutra,13.17
bdf066947686ab2cd01768f202816430,57,neutra,2.48
bdf066947686ab2cd01768f202816430,58,neutra,49.28
bdf066947686ab2cd01768f202816430,59,positiva,9.52
bdf066947686ab2cd01768f202816430,60,neutra,4.93
bdf066947686ab2cd01768f202816430,61,positiva,2.88
bdf066947686ab2cd01768f202816430,62,neutra,4.06
bdf066947686ab2cd01768f202816430,63,negativa,5.32
bdf066947686ab2cd01768f202816430,64,negativa,10.3
bdf066947686ab2cd01768f202816430,65,neutra,4.77
bdf066947686ab2cd01768f202816430,66,negativa,5.82
bdf066947686ab2cd01768f202816430,67,neutra,7.28
bdf066947686ab2cd01768f202816430,68,negativa,7.48
bdf066947686ab2cd01768f202816430,69,neutra,6.77
bdf066947686ab2cd01768f202816430,70,neutra,7.98
bdf066947686ab2cd01768f202816430,71,neutra,3.98
bdf066947686ab2cd01768f202816430,72,neutra,2.99
bdf066947686ab2cd01768f202816430,73,negativa,9.12
bdf066947686ab2cd01768f202816430,74,neutra,2.48
bdf066947686ab2cd01768f202816430,75,negativa,13.22
bdf066947686ab2cd01768f202816430,76,neutra,4.42
bdf066947686ab2cd01768f202816430,77,neutra,11.2
bdf066947686ab2cd01768f202816430,78,neutra,3.22
bdf066947686ab2cd01768f202816430,79,neutra,7.29
bdf066947686ab2cd01768f202816430,80,negativa,3.05
bdf066947686ab2cd01768f202816430,81,neutra,11.73
bdf066947686ab2cd01768f202816430,82,negativa,3.06
bdf066947686ab2cd01768f202816430,83,negativa,8.84
bdf066947686ab2cd01768f202816430,84,neutra,13.43
bdf066947686ab2cd01768f202816430,85,neutra,3.29
bdf066947686ab2cd01768f202816430,86,neutra,1.99
bdf066947686ab2cd01768f202816430,87,neutra,4.09
bdf066947686ab2cd01768f202816430,88,positiva,10.2
bdf066947686ab2cd01768f202816430,89,negativa,8.42
bdf066947686ab2cd01768f202816430,90,negativa,4.25
bdf066947686ab2cd01768f202816430,91,positiva,9.72
bdf066947686ab2cd01768f202816430,92,neutra,7.38
bdf066947686ab2cd01768f202816430,93,neutra,7.18
bdf066947686ab2cd01768f202816430,94,neutra,5.61
bdf066947686ab2cd01768f202816430,95,negativa,5.04
bdf066947686ab2cd01768f202816430,96,positiva,4.81
bdf066947686ab2cd01768f202816430,97,neutra,3.63
bdf066947686ab2cd01768f202816430,98,neutra,2.56
bdf066947686ab2cd01768f202816430,99,neutra,18.7
bdf066947686ab2cd01768f202816430,100,positiva,5.92
bdf066947686ab2cd01768f202816430,101,positiva,4.87
bdf066947686ab2cd01768f202816430,102,negativa,5.97
bdf066947686ab2cd01768f202816430,103,negativa,7.05
bdf066947686ab2cd01768f202816430,104,neutra,2.76
bdf066947686ab2cd01768f202816430,105,neutra,4.79
bdf066947686ab2cd01768f202816430,106,positiva,3.18
bdf066947686ab2cd01768f202816430,107,neutra,2.77
bdf066947686ab2cd01768f202816430,108,positiva,7.85
bdf066947686ab2cd01768f202816430,109,neutra,10.32
bdf066947686ab2cd01768f202816430,110,neutra,2.06
bdf066947686ab2cd01768f202816430,111,neutra,6.83
bdf066947686ab2cd01768f202816430,112,neutra,9.26
bdf066947686ab2cd01768f202816430,113,neutra,2.27
bdf066947686ab2cd01768f202816430,114,neutra,12.5
bdf066947686ab2cd01768f202816430,115,negativa,3.8
bdf066947686ab2cd01768f202816430,116,neutra,10.96
bdf066947686ab2cd01768f202816430,117,positiva,1302.68
bdf066947686ab2cd01768f202816430,118,neutra,2.34
bdf066947686ab2cd01768f202816430,119,neutra,5.43
bdf066947686ab2cd01768f202816430,120,neutra,3.21
bdf066947686ab2cd01768f202816430,121,neutra,7.64
bdf066947686ab2cd01768f202816430,122,negativa,427.02
bdf066947686ab2cd01768f202816430,123,negativa,8.64
bdf066947686ab2cd01768f202816430,124,positiva,3.46
bdf066947686ab2cd01768f202816430,125,negativa,3.94
bdf066947686ab2cd01768f202816430,126,neutra,6.5
bdf066947686ab2cd01768f202816430,127,neutra,8.53
bdf066947686ab2cd01768f202816430,128,neutra,1.79
bdf066947686ab2cd01768f202816430,129,neutra,3.08
bdf066947686ab2cd01768f202816430,130,neutra,7.44
bdf066947686ab2cd01768f202816430,131,neutra,2.87
bdf066947686ab2cd01768f202816430,132,neutra,7.55
bdf066947686ab2cd01768f202816430,133,positiva,6.29
bdf066947686ab2cd01768f202816430,134,neutra,2.46
bdf066947686ab2cd01768f202816430,135,positiva,7.1
bdf066947686ab2cd01768f202816430,136,neutra,5.24
bdf066947686ab2cd01768f202816430,137,neutra,2.57
bdf066947686ab2cd01768f202816430,138,neutra,3.38
bdf066947686ab2cd01768f202816430,139,neutra,2.08
bdf066947686ab2cd01768f202816430,140,negativa,5.67
bdf066947686ab2cd01768f202816430,141,negativa,6.36
bdf066947686ab2cd01768f202816430,142,neutra,5.0
bdf066947686ab2cd01768f202816430,143,neutra,5.04
bdf066947686ab2cd01768f202816430,144,negativa,4.19
bdf066947686ab2cd01768f202816430,145,positiva,5.79
bdf066947686ab2cd01768f202816430,146,positiva,6.24
bdf066947686ab2cd01768f202816430,147,neutra,4.17
bdf066947686ab2cd01768f202816430,148,neutra,7.41
bdf066947686ab2cd01768f202816430,149,neutra,2.13
bdf066947686ab2cd01768f202816430,150,positiva,8.17
e78fc7e4f67d1a8f1a2fcd1a8fa2c20a,1,positiva,14.93
e78fc7e4f67d1a8f1a2fcd1a8fa2c20a,2,positiva,6.07
e78fc7e4f67d1a8f1a2fcd1a8fa2c20a,3,neutra,13.95
e78fc7e4f67d1a8f1a2fcd1a8fa2c20a,4,neutra,9.8
e78fc7e4f67d1a8f1a2fcd1a8fa2c20a,5,neutra,4.55
e78fc7e4f67d1a8f1a2fcd1a8fa2c20a,6,positiva,10.01
e78fc7e4f67d1a8f1a2fcd1a8fa2c20a,7,positiva,2.0
e78fc7e4f67d1a8f1a2fcd1a8fa2c20a,8,positiva,3.8
e78fc7e4f67d1a8f1a2fcd1a8fa2c20a,9,neutra,9.75
e78fc7e4f67d1a8f1a2fcd1a8fa2c20a,10,neutra,5.01
e78fc7e4f67d1a8f1a2fcd1a8fa2c20a,11,positiva,5.62
e78fc7e4f67d1a8f1a2fcd1a8fa2c20a,12,neutra,6.16
e78fc7e4f67d1a8f1a2fcd1a8fa2c20a,13,neutra,6.63
e78fc7e4f67d1a8f1a2fcd1a8fa2c20a,14,negativa,15.1
e78fc7e4f67d1a8f1a2fcd1a8fa2c20a,15,neutra,11.86
e78fc7e4f67d1a8f1a2fcd1a8fa2c20a,16,negativa,6.76
e78fc7e4f67d1a8f1a2fcd1a8fa2c20a,17,negativa,3.66
e78fc7e4f67d1a8f1a2fcd1a8fa2c20a,18,negativa,8.46
e78fc7e4f67d1a8f1a2fcd1a8fa2c20a,19,negativa,16.69
e78fc7e4f67d1a8f1a2fcd1a8fa2c20a,20,positiva,11.28
e78fc7e4f67d1a8f1a2fcd1a8fa2c20a,21,positiva,3.86
e78fc7e4f67d1a8f1a2fcd1a8fa2c20a,22,neutra,8.06
e78fc7e4f67d1a8f1a2fcd1a8fa2c20a,23,positiva,5.99
e78fc7e4f67d1a8f1a2fcd1a8fa2c20a,24,positiva,6.59
e78fc7e4f67d1a8f1a2fcd1a8fa2c20a,25,positiva,7.4
e78fc7e4f67d1a8f1a2fcd1a8fa2c20a,26,positiva,5.62
e78fc7e4f67d1a8f1a2fcd1a8fa2c20a,27,negativa,144.93
e78fc7e4f67d1a8f1a2fcd1a8fa2c20a,28,neutra,8.31
e78fc7e4f67d1a8f1a2fcd1a8fa2c20a,29,negativa,3.31
e78fc7e4f67d1a8f1a2fcd1a8fa2c20a,30,neutra,5.76
e78fc7e4f67d1a8f1a2fcd1a8fa2c20a,31,negativa,10.16
e78fc7e4f67d1a8f1a2fcd1a8fa2c20a,32,negativa,11.5
e78fc7e4f67d1a8f1a2fcd1a8fa2c20a,33,positiva,3.44
e78fc7e4f67d1a8f1a2fcd1a8fa2c20a,34,positiva,4.05
e78fc7e4f67d1a8f1a2fcd1a8fa2c20a,35,neutra,7.54
e78fc7e4f67d1a8f1a2fcd1a8fa2c20a,36,negativa,8.52
e78fc7e4f67d1a8f1a2fcd1a8fa2c20a,37,positiva,8.67
e78fc7e4f67d1a8f1a2fcd1a8fa2c20a,38,positiva,6.45
e78fc7e4f67d1a8f1a2fcd1a8fa2c20a,39,positiva,4.12
e78fc7e4f67d1a8f1a2fcd1a8fa2c20a,40,neutra,4.94
e78fc7e4f67d1a8f1a2fcd1a8fa2c20a,41,negativa,4.16
e78fc7e4f67d1a8f1a2fcd1a8fa2c20a,42,neutra,6.76
e78fc7e4f67d1a8f1a2fcd1a8fa2c20a,43,positiva,14.83
e78fc7e4f67d1a8f1a2fcd1a8fa2c20a,44,negativa,6.81
e78fc7e4f67d1a8f1a2fcd1a8fa2c20a,45,neutra,3.98
e78fc7e4f67d1a8f1a2fcd1a8fa2c20a,46,positiva,43.08
e78fc7e4f67d1a8f1a2fcd1a8fa2c20a,47,positiva,5.36
e78fc7e4f67d1a8f1a2fcd1a8fa2c20a,48,negativa,35.29
e78fc7e4f67d1a8f1a2fcd1a8fa2c20a,49,positiva,3.72
e78fc7e4f67d1a8f1a2fcd1a8fa2c20a,50,neutra,5.2
e78fc7e4f67d1a8f1a2fcd1a8fa2c20a,51,neutra,6.4
e78fc7e4f67d1a8f1a2fcd1a8fa2c20a,52,neutra,7.6
e78fc7e4f67d1a8f1a2fcd1a8fa2c20a,53,negativa,4.61
e78fc7e4f67d1a8f1a2fcd1a8fa2c20a,54,negativa,7.78
e78fc7e4f67d1a8f1a2fcd1a8fa2c20a,55,neutra,75.44
e78fc7e4f67d1a8f1a2fcd1a8fa2c20a,56,negativa,6.9
e78fc7e4f67d1a8f1a2fcd1a8fa2c20a,57,positiva,1.98
e78fc7e4f67d1a8f1a2fcd1a8fa2c20a,58,positiva,7.7
e78fc7e4f67d1a8f1a2fcd1a8fa2c20a,59,positiva,1.62
e78fc7e4f67d1a8f1a2fcd1a8fa2c20a,60,positiva,3.41
e78fc7e4f67d1a8f1a2fcd1a8fa2c20a,61,positiva,2.31
e78fc7e4f67d1a8f1a2fcd1a8fa2c20a,62,positiva,6.49
e78fc7e4f67d1a8f1a2fcd1a8fa2c20a,63,neutra,4.2
e78fc7e4f67d1a8f1a2fcd1a8fa2c20a,64,positiva,5.91
e78fc7e4f67d1a8f1a2fcd1a8fa2c20a,65,positiva,3.27
e78fc7e4f67d1a8f1a2fcd1a8fa2c20a,66,neutra,90.67
e78fc7e4f67d1a8f1a2fcd1a8fa2c20a,67,neutra,3.58
e78fc7e4f67d1a8f1a2fcd1a8fa2c20a,68,neutra,4.77
e78fc7e4f67d1a8f1a2fcd1a8fa2c20a,69,neutra,4.05
e78fc7e4f67d1a8f1a2fcd1a8fa2c20a,70,positiva,3.66
e78fc7e4f67d1a8f1a2fcd1a8fa2c20a,71,positiva,4.77
e78fc7e4f67d1a8f1a2fcd1a8fa2c20a,72,positiva,2.16
e78fc7e4f67d1a8f1a2fcd1a8fa2c20a,73,positiva,27.76
e78fc7e4f67d1a8f1a2fcd1a8fa2c20a,74,positiva,1.96
e78fc7e4f67d1a8f1a2fcd1a8fa2c20a,75,positiva,2.79
e78fc7e4f67d1a8f1a2fcd1a8fa2c20a,76,positiva,3.22
e78fc7e4f67d1a8f1a2fcd1a8fa2c20a,77,positiva,6.53
e78fc7e4f67d1a8f1a2fcd1a8fa2c20a,78,positiva,3.65
e78fc7e4f67d1a8f1a2fcd1a8fa2c20a,79,neutra,4.1
e78fc7e4f67d1a8f1a2fcd1a8fa2c20a,80,positiva,3.11
e78fc7e4f67d1a8f1a2fcd1a8fa2c20a,81,positiva,4.92
e78fc7e4f67d1a8f1a2fcd1a8fa2c20a,82,positiva,2.88
e78fc7e4f67d1a8f1a2fcd1a8fa2c20a,83,negativa,6.69
e78fc7e4f67d1a8f1a2fcd1a8fa2c20a,84,neutra,6.23
e78fc7e4f67d1a8f1a2fcd1a8fa2c20a,85,positiva,2.54
e78fc7e4f67d1a8f1a2fcd1a8fa2c20a,86,positiva,4.05
e78fc7e4f67d1a8f1a2fcd1a8fa2c20a,87,positiva,2.01
e78fc7e4f67d1a8f1a2fcd1a8fa2c20a,88,neutra,5.58
e78fc7e4f67d1a8f1a2fcd1a8fa2c20a,89,positiva,5.06
e78fc7e4f67d1a8f1a2fcd1a8fa2c20a,90,positiva,4.72
e78fc7e4f67d1a8f1a2fcd1a8fa2c20a,91,positiva,2.86
e78fc7e4f67d1a8f1a2fcd1a8fa2c20a,92,positiva,1.69
e78fc7e4f67d1a8f1a2fcd1a8fa2c20a,93,positiva,4.77
e78fc7e4f67d1a8f1a2fcd1a8fa2c20a,94,positiva,4.17
e78fc7e4f67d1a8f1a2fcd1a8fa2c20a,95,negativa,70.19
e78fc7e4f67d1a8f1a2fcd1a8fa2c20a,96,neutra,6.05
e78fc7e4f67d1a8f1a2fcd1a8fa2c20a,97,positiva,2.65
e78fc7e4f67d1a8f1a2fcd1a8fa2c20a,98,positiva,1.9
e78fc7e4f67d1a8f1a2fcd1a8fa2c20a,99,neutra,49.54
e78fc7e4f67d1a8f1a2fcd1a8fa2c20a,100,neutra,2.59
e78fc7e4f67d1a8f1a2fcd1a8fa2c20a,101,positiva,4.18
e78fc7e4f67d1a8f1a2fcd1a8fa2c20a,102,positiva,25.97
e78fc7e4f67d1a8f1a2fcd1a8fa2c20a,103,negativa,4.29
e78fc7e4f67d1a8f1a2fcd1a8fa2c20a,104,positiva,1.8
e78fc7e4f67d1a8f1a2fcd1a8fa2c20a,105,negativa,3.85
e78fc7e4f67d1a8f1a2fcd1a8fa2c20a,106,positiva,2.08
e78fc7e4f67d1a8f1a2fcd1a8fa2c20a,107,positiva,2.8
e78fc7e4f67d1a8f1a2fcd1a8fa2c20a,108,positiva,4.96
e78fc7e4f67d1a8f1a2fcd1a8fa2c20a,109,positiva,3.83
e78fc7e4f67d1a8f1a2fcd1a8fa2c20a,110,positiva,2.52
e78fc7e4f67d1a8f1a2fcd1a8fa2c20a,111,positiva,3.85
e78fc7e4f67d1a8f1a2fcd1a8fa2c20a,112,negativa,8.13
e78fc7e4f67d1a8f1a2fcd1a8fa2c20a,113,positiva,6.82
e78fc7e4f67d1a8f1a2fcd1a8fa2c20a,114,neutra,4.55
e78fc7e4f67d1a8f1a2fcd1a8fa2c20a,115,neutra,8.7
e78fc7e4f67d1a8f1a2fcd1a8fa2c20a,116,neutra,5.21
e78fc7e4f67d1a8f1a2fcd1a8fa2c20a,117,positiva,4.54
e78fc7e4f67d1a8f1a2fcd1a8fa2c20a,118,negativa,6.73
e78fc7e4f67d1a8f1a2fcd1a8fa2c20a,119,negativa,3.9
e78fc7e4f67d1a8f1a2fcd1a8fa2c20a,120,positiva,11.82
e78fc7e4f67d1a8f1a2fcd1a8fa2c20a,121,positiva,4.53
e78fc7e4f67d1a8f1a2fcd1a8fa2c20a,122,positiva,2.85
e78fc7e4f67d1a8f1a2fcd1a8fa2c20a,123,neutra,5.06
e78fc7e4f67d1a8f1a2fcd1a8fa2c20a,124,neutra,2.23
e78fc7e4f67d1a8f1a2fcd1a8fa2c20a,125,positiva,1.54
e78fc7e4f67d1a8f1a2fcd1a8fa2c20a,126,positiva,2.71
e78fc7e4f67d1a8f1a2fcd1a8fa2c20a,127,positiva,2.01
e78fc7e4f67d1a8f1a2fcd1a8fa2c20a,128,positiva,1.21
e78fc7e4f67d1a8f1a2fcd1a8fa2c20a,129,positiva,1.42
e78fc7e4f67d1a8f1a2fcd1a8fa2c20a,130,neutra,5.48
e78fc7e4f67d1a8f1a2fcd1a8fa2c20a,131,positiva,2.52
e78fc7e4f67d1a8f1a2fcd1a8fa2c20a,132,positiva,6.76
e78fc7e4f67d1a8f1a2fcd1a8fa2c20a,133,positiva,3.78
e78fc7e4f67d1a8f1a2fcd1a8fa2c20a,134,positiva,1.74
e78fc7e4f67d1a8f1a2fcd1a8fa2c20a,135,positiva,4.1
e78fc7e4f67d1a8f1a2fcd1a8fa2c20a,136,positiva,1.62
e78fc7e4f67d1a8f1a2fcd1a8fa2c20a,137,positiva,8.95
e78fc7e4f67d1a8f1a2fcd1a8fa2c20a,138,negativa,2.54
e78fc7e4f67d1a8f1a2fcd1a8fa2c20a,139,positiva,2.01
e78fc7e4f67d1a8f1a2fcd1a8fa2c20a,140,negativa,7.77
e78fc7e4f67d1a8f1a2fcd1a8fa2c20a,141,neutra,3.76
e78fc7e4f67d1a8f1a2fcd1a8fa2c20a,142,positiva,3.06
e78fc7e4f67d1a8f1a2fcd1a8fa2c20a,143,positiva,13.72
e78fc7e4f67d1a8f1a2fcd1a8fa2c20a,144,positiva,2.32
e78fc7e4f67d1a8f1a2fcd1a8fa2c20a,145,positiva,1.91
e78fc7e4f67d1a8f1a2fcd1a8fa2c20a,146,negativa,4.97
e78fc7e4f67d1a8f1a2fcd1a8fa2c20a,147,positiva,4.32
e78fc7e4f67d1a8f1a2fcd1a8fa2c20a,148,positiva,2.68
e78fc7e4f67d1a8f1a2fcd1a8fa2c20a,149,positiva,1.48
e78fc7e4f67d1a8f1a2fcd1a8fa2c20a,150,positiva,2.95
3a2ef0820dd127d25229b956f589f4ba,1,positiva,30.12
3a2ef0820dd127d25229b956f589f4ba,2,positiva,13.84
3a2ef0820dd127d25229b956f589f4ba,3,negativa,15.34
3a2ef0820dd127d25229b956f589f4ba,4,neutra,16.75
3a2ef0820dd127d25229b956f589f4ba,5,positiva,8.4
3a2ef0820dd127d25229b956f589f4ba,6,positiva,12.93
3a2ef0820dd127d25229b956f589f4ba,7,positiva,2.83
3a2ef0820dd127d25229b956f589f4ba,8,positiva,4.92
3a2ef0820dd127d25229b956f589f4ba,9,negativa,8.19
3a2ef0820dd127d25229b956f589f4ba,10,neutra,5.4
3a2ef0820dd127d25229b956f589f4ba,11,positiva,14.24
3a2ef0820dd127d25229b956f589f4ba,12,neutra,13.24
3a2ef0820dd127d25229b956f589f4ba,13,positiva,8.61
3a2ef0820dd127d25229b956f589f4ba,14,negativa,14.58
3a2ef0820dd127d25229b956f589f4ba,15,neutra,7.04
3a2ef0820dd127d25229b956f589f4ba,16,negativa,5.22
3a2ef0820dd127d25229b956f589f4ba,17,neutra,4.15
3a2ef0820dd127d25229b956f589f4ba,18,negativa,16.88
3a2ef0820dd127d25229b956f589f4ba,19,negativa,9.12
3a2ef0820dd127d25229b956f589f4ba,20,positiva,20.47
3a2ef0820dd127d25229b956f589f4ba,21,negativa,2.58
3a2ef0820dd127d25229b956f589f4ba,22,positiva,4.4
3a2ef0820dd127d25229b956f589f4ba,23,neutra,8.39
3a2ef0820dd127d25229b956f589f4ba,24,neutra,9.27
3a2ef0820dd127d25229b956f589f4ba,25,neutra,7.94
3a2ef0820dd127d25229b956f589f4ba,26,neutra,2.92
3a2ef0820dd127d25229b956f589f4ba,27,positiva,10.01
3a2ef0820dd127d25229b956f589f4ba,28,negativa,19.98
3a2ef0820dd127d25229b956f589f4ba,29,neutra,19.28
3a2ef0820dd127d25229b956f589f4ba,30,negativa,8.11
3a2ef0820dd127d25229b956f589f4ba,31,neutra,10.06
3a2ef0820dd127d25229b956f589f4ba,32,negativa,13.57
3a2ef0820dd127d25229b956f589f4ba,33,neutra,16.76
3a2ef0820dd127d25229b956f589f4ba,34,positiva,5.84
3a2ef0820dd127d25229b956f589f4ba,35,negativa,10.22
3a2ef0820dd127d25229b956f589f4ba,36,neutra,13.25
3a2ef0820dd127d25229b956f589f4ba,37,negativa,2.93
3a2ef0820dd127d25229b956f589f4ba,38,neutra,3.5
3a2ef0820dd127d25229b956f589f4ba,39,positiva,7.44
3a2ef0820dd127d25229b956f589f4ba,40,negativa,11.95
3a2ef0820dd127d25229b956f589f4ba,41,neutra,5.82
3a2ef0820dd127d25229b956f589f4ba,42,negativa,10.17
3a2ef0820dd127d25229b956f589f4ba,43,positiva,5.62
3a2ef0820dd127d25229b956f589f4ba,44,positiva,10.28
3a2ef0820dd127d25229b956f589f4ba,45,neutra,6.54
3a2ef0820dd127d25229b956f589f4ba,46,neutra,9.26
3a2ef0820dd127d25229b956f589f4ba,47,positiva,12.53
3a2ef0820dd127d25229b956f589f4ba,48,negativa,17.17
3a2ef0820dd127d25229b956f589f4ba,49,negativa,9.56
3a2ef0820dd127d25229b956f589f4ba,50,negativa,4.14
3a2ef0820dd127d25229b956f589f4ba,51,neutra,11.76
3a2ef0820dd127d25229b956f589f4ba,52,negativa,9.51
3a2ef0820dd127d25229b956f589f4ba,53,neutra,9.92
3a2ef0820dd127d25229b956f589f4ba,54,positiva,43.33
3a2ef0820dd127d25229b956f589f4ba,55,negativa,10.42
3a2ef0820dd127d25229b956f589f4ba,56,negativa,10.73
3a2ef0820dd127d25229b956f589f4ba,57,neutra,2.23
3a2ef0820dd127d25229b956f589f4ba,58,positiva,13.43
3a2ef0820dd127d25229b956f589f4ba,59,positiva,22.06
3a2ef0820dd127d25229b956f589f4ba,60,positiva,7.39
3a2ef0820dd127d25229b956f589f4ba,61,positiva,3.32
3a2ef0820dd127d25229b956f589f4ba,62,neutra,6.12
3a2ef0820dd127d25229b956f589f4ba,63,negativa,4.95
3a2ef0820dd127d25229b956f589f4ba,64,neutra,7.34
3a2ef0820dd127d25229b956f589f4ba,65,negativa,3.34
3a2ef0820dd127d25229b956f589f4ba,66,negativa,4.8
3a2ef0820dd127d25229b956f589f4ba,67,positiva,10.01
3a2ef0820dd127d25229b956f589f4ba,68,negativa,12.14
3a2ef0820dd127d25229b956f589f4ba,69,neutra,11.09
3a2ef0820dd127d25229b956f589f4ba,70,positiva,172.62
3a2ef0820dd127d25229b956f589f4ba,71,neutra,8.5
3a2ef0820dd127d25229b956f589f4ba,72,negativa,4.46
3a2ef0820dd127d25229b956f589f4ba,73,negativa,3.77
3a2ef0820dd127d25229b956f589f4ba,74,neutra,2.97
3a2ef0820dd127d25229b956f589f4ba,75,positiva,7.29
3a2ef0820dd127d25229b956f589f4ba,76,negativa,7.1
3a2ef0820dd127d25229b956f589f4ba,77,neutra,15.08
3a2ef0820dd127d25229b956f589f4ba,78,negativa,5.08
3a2ef0820dd127d25229b956f589f4ba,79,neutra,10.01
3a2ef0820dd127d25229b956f589f4ba,80,negativa,4.78
3a2ef0820dd127d25229b956f589f4ba,81,neutra,25.08
3a2ef0820dd127d25229b956f589f4ba,82,negativa,3.08
3a2ef0820dd127d25229b956f589f4ba,83,negativa,3.76
3a2ef0820dd127d25229b956f589f4ba,84,neutra,16.33
3a2ef0820dd127d25229b956f589f4ba,85,neutra,5.89
3a2ef0820dd127d25229b956f589f4ba,86,positiva,8.64
3a2ef0820dd127d25229b956f589f4ba,87,neutra,4.37
3a2ef0820dd127d25229b956f589f4ba,88,negativa,8.42
3a2ef0820dd127d25229b956f589f4ba,89,positiva,14.16
3a2ef0820dd127d25229b956f589f4ba,90,neutra,4.5
3a2ef0820dd127d25229b956f589f4ba,91,positiva,8.29
3a2ef0820dd127d25229b956f589f4ba,92,positiva,2.77
3a2ef0820dd127d25229b956f589f4ba,93,positiva,7.5
3a2ef0820dd127d25229b956f589f4ba,94,positiva,6.19
3a2ef0820dd127d25229b956f589f4ba,95,negativa,6.57
3a2ef0820dd127d25229b956f589f4ba,96,positiva,5.95
3a2ef0820dd127d25229b956f589f4ba,97,positiva,4.9
3a2ef0820dd127d25229b956f589f4ba,98,positiva,13.92
3a2ef0820dd127d25229b956f589f4ba,99,positiva,17.9
3a2ef0820dd127d25229b956f589f4ba,100,positiva,7.54
3a2ef0820dd127d25229b956f589f4ba,101,positiva,4.56
3a2ef0820dd127d25229b956f589f4ba,102,negativa,10.13
3a2ef0820dd127d25229b956f589f4ba,103,negativa,5.5
3a2ef0820dd127d25229b956f589f4ba,104,neutra,4.22
3a2ef0820dd127d25229b956f589f4ba,105,neutra,14.23
3a2ef0820dd127d25229b956f589f4ba,106,neutra,3.45
3a2ef0820dd127d25229b956f589f4ba,107,positiva,5.99
3a2ef0820dd127d25229b956f589f4ba,108,positiva,11.98
3a2ef0820dd127d25229b956f589f4ba,109,positiva,8.61
3a2ef0820dd127d25229b956f589f4ba,110,positiva,2.83
3a2ef0820dd127d25229b956f589f4ba,111,negativa,6.62
3a2ef0820dd127d25229b956f589f4ba,112,negativa,11.14
3a2ef0820dd127d25229b956f589f4ba,113,negativa,4.6
3a2ef0820dd127d25229b956f589f4ba,114,positiva,5.64
3a2ef0820dd127d25229b956f589f4ba,115,negativa,3.92
3a2ef0820dd127d25229b956f589f4ba,116,negativa,6.32
3a2ef0820dd127d25229b956f589f4ba,117,positiva,6.07
3a2ef0820dd127d25229b956f589f4ba,118,neutra,5.32
3a2ef0820dd127d25229b956f589f4ba,119,positiva,10.22
3a2ef0820dd127d25229b956f589f4ba,120,positiva,2.45
3a2ef0820dd127d25229b956f589f4ba,121,neutra,13.49
3a2ef0820dd127d25229b956f589f4ba,122,negativa,17.95
3a2ef0820dd127d25229b956f589f4ba,123,negativa,4.3
3a2ef0820dd127d25229b956f589f4ba,124,positiva,3.2
3a2ef0820dd127d25229b956f589f4ba,125,neutra,2.25
3a2ef0820dd127d25229b956f589f4ba,126,negativa,4.25
3a2ef0820dd127d25229b956f589f4ba,127,positiva,5.52
3a2ef0820dd127d25229b956f589f4ba,128,positiva,2.77
3a2ef0820dd127d25229b956f589f4ba,129,negativa,7.22
3a2ef0820dd127d25229b956f589f4ba,130,negativa,8.19
3a2ef0820dd127d25229b956f589f4ba,131,positiva,8.16
3a2ef0820dd127d25229b956f589f4ba,132,neutra,9.42
3a2ef0820dd127d25229b956f589f4ba,133,positiva,6.85
3a2ef0820dd127d25229b956f589f4ba,134,neutra,2.15
3a2ef0820dd127d25229b956f589f4ba,135,positiva,8.44
3a2ef0820dd127d25229b956f589f4ba,136,neutra,6.0
3a2ef0820dd127d25229b956f589f4ba,137,negativa,5.2
3a2ef0820dd127d25229b956f589f4ba,138,neutra,7.79
3a2ef0820dd127d25229b956f589f4ba,139,positiva,3.27
3a2ef0820dd127d25229b956f589f4ba,140,negativa,17.05
3a2ef0820dd127d25229b956f589f4ba,141,negativa,3.03
3a2ef0820dd127d25229b956f589f4ba,142,positiva,9.22
3a2ef0820dd127d25229b956f589f4ba,143,negativa,4.27
3a2ef0820dd127d25229b956f589f4ba,144,negativa,4.14
3a2ef0820dd127d25229b956f589f4ba,145,positiva,5.2
3a2ef0820dd127d25229b956f589f4ba,146,positiva,7.6
3a2ef0820dd127d25229b956f589f4ba,147,positiva,4.95
3a2ef0820dd127d25229b956f589f4ba,148,neutra,8.27
3a2ef0820dd127d25229b956f589f4ba,149,neutra,4.1
3a2ef0820dd127d25229b956f589f4ba,150,positiva,6.92
38f51967fb423d8525fcca5dd288f862,1,positiva,16.97
38f51967fb423d8525fcca5dd288f862,2,negativa,9.8
38f51967fb423d8525fcca5dd288f862,3,positiva,8.17
38f51967fb423d8525fcca5dd288f862,4,neutra,11.85
38f51967fb423d8525fcca5dd288f862,5,positiva,3.31
38f51967fb423d8525fcca5dd288f862,6,neutra,7.1
38f51967fb423d8525fcca5dd288f862,7,neutra,3.75
38f51967fb423d8525fcca5dd288f862,8,positiva,5.4
38f51967fb423d8525fcca5dd288f862,9,positiva,5.11
38f51967fb423d8525fcca5dd288f862,10,negativa,5.2
38f51967fb423d8525fcca5dd288f862,11,neutra,5.38
38f51967fb423d8525fcca5dd288f862,12,neutra,5.46
38f51967fb423d8525fcca5dd288f862,13,neutra,5.12
38f51967fb423d8525fcca5dd288f862,14,neutra,3.67
38f51967fb423d8525fcca5dd288f862,15,negativa,4.39
38f51967fb423d8525fcca5dd288f862,16,neutra,4.83
38f51967fb423d8525fcca5dd288f862,17,positiva,2.75
38f51967fb423d8525fcca5dd288f862,18,positiva,2.01
38f51967fb423d8525fcca5dd288f862,19,neutra,0.8
38f51967fb423d8525fcca5dd288f862,20,negativa,0.75
38f51967fb423d8525fcca5dd288f862,21,neutra,1.89
38f51967fb423d8525fcca5dd288f862,22,positiva,0.78
38f51967fb423d8525fcca5dd288f862,23,neutra,1.17
38f51967fb423d8525fcca5dd288f862,24,negativa,0.93
38f51967fb423d8525fcca5dd288f862,25,negativa,0.88
38f51967fb423d8525fcca5dd288f862,26,neutra,0.84
38f51967fb423d8525fcca5dd288f862,27,positiva,1.19
38f51967fb423d8525fcca5dd288f862,28,positiva,0.76
38f51967fb423d8525fcca5dd288f862,29,positiva,0.38
38f51967fb423d8525fcca5dd288f862,30,neutra,0.83
38f51967fb423d8525fcca5dd288f862,31,neutra,0.4
38f51967fb423d8525fcca5dd288f862,32,negativa,0.94
38f51967fb423d8525fcca5dd288f862,33,negativa,2.4
38f51967fb423d8525fcca5dd288f862,34,neutra,1.73
38f51967fb423d8525fcca5dd288f862,35,neutra,0.84
38f51967fb423d8525fcca5dd288f862,36,neutra,0.93
38f51967fb423d8525fcca5dd288f862,37,positiva,1.05
38f51967fb423d8525fcca5dd288f862,38,positiva,0.52
38f51967fb423d8525fcca5dd288f862,39,positiva,0.56
38f51967fb423d8525fcca5dd288f862,40,negativa,34.27
38f51967fb423d8525fcca5dd288f862,41,neutra,0.78
38f51967fb423d8525fcca5dd288f862,42,positiva,0.75
38f51967fb423d8525fcca5dd288f862,43,neutra,0.76
38f51967fb423d8525fcca5dd288f862,44,neutra,0.83
38f51967fb423d8525fcca5dd288f862,45,negativa,0.68
38f51967fb423d8525fcca5dd288f862,46,neutra,0.62
38f51967fb423d8525fcca5dd288f862,47,positiva,0.66
38f51967fb423d8525fcca5dd288f862,48,positiva,1.48
38f51967fb423d8525fcca5dd288f862,49,positiva,0.84
38f51967fb423d8525fcca5dd288f862,50,negativa,2.75
38f51967fb423d8525fcca5dd288f862,51,neutra,4.95
38f51967fb423d8525fcca5dd288f862,52,neutra,4.47
38f51967fb423d8525fcca5dd288f862,53,neutra,0.47
38f51967fb423d8525fcca5dd288f862,54,negativa,1.04
38f51967fb423d8525fcca5dd288f862,55,negativa,0.78
38f51967fb423d8525fcca5dd288f862,56,negativa,0.37
38f51967fb423d8525fcca5dd288f862,57,positiva,0.82
38f51967fb423d8525fcca5dd288f862,58,positiva,0.9
38f51967fb423d8525fcca5dd288f862,59,positiva,0.25
38f51967fb423d8525fcca5dd288f862,60,neutra,0.88
38f51967fb423d8525fcca5dd288f862,61,negativa,0.68
38f51967fb423d8525fcca5dd288f862,62,negativa,0.42
38f51967fb423d8525fcca5dd288f862,63,neutra,1.11
38f51967fb423d8525fcca5dd288f862,64,neutra,0.73
38f51967fb423d8525fcca5dd288f862,65,neutra,0.67
38f51967fb423d8525fcca5dd288f862,66,positiva,0.54
38f51967fb423d8525fcca5dd288f862,67,positiva,0.61
38f51967fb423d8525fcca5dd288f862,68,positiva,0.43
38f51967fb423d8525fcca5dd288f862,69,negativa,0.8
38f51967fb423d8525fcca5dd288f862,70,negativa,0.73
38f51967fb423d8525fcca5dd288f862,71,negativa,0.6
38f51967fb423d8525fcca5dd288f862,72,neutra,0.88
38f51967fb423d8525fcca5dd288f862,73,negativa,10.02
38f51967fb423d8525fcca5dd288f862,74,neutra,3.58
38f51967fb423d8525fcca5dd288f862,75,neutra,11.99
38f51967fb423d8525fcca5dd288f862,76,neutra,3.0
38f51967fb423d8525fcca5dd288f862,77,neutra,0.69
38f51967fb423d8525fcca5dd288f862,78,negativa,0.83
38f51967fb423d8525fcca5dd288f862,79,positiva,0.83
38f51967fb423d8525fcca5dd288f862,80,neutra,3.32
38f51967fb423d8525fcca5dd288f862,81,neutra,1.88
38f51967fb423d8525fcca5dd288f862,82,neutra,0.8
38f51967fb423d8525fcca5dd288f862,83,neutra,0.42
38f51967fb423d8525fcca5dd288f862,84,neutra,0.36
38f51967fb423d8525fcca5dd288f862,85,negativa,1.59
38f51967fb423d8525fcca5dd288f862,86,negativa,0.52
38f51967fb423d8525fcca5dd288f862,87,positiva,0.99
38f51967fb423d8525fcca5dd288f862,88,positiva,0.72
38f51967fb423d8525fcca5dd288f862,89,positiva,0.21
38f51967fb423d8525fcca5dd288f862,90,positiva,0.2
38f51967fb423d8525fcca5dd288f862,91,positiva,0.45
38f51967fb423d8525fcca5dd288f862,92,neutra,0.64
38f51967fb423d8525fcca5dd288f862,93,neutra,0.4
38f51967fb423d8525fcca5dd288f862,94,negativa,0.51
38f51967fb423d8525fcca5dd288f862,95,negativa,0.77
38f51967fb423d8525fcca5dd288f862,96,negativa,0.71
38f51967fb423d8525fcca5dd288f862,97,neutra,0.66
38f51967fb423d8525fcca5dd288f862,98,neutra,1.17
38f51967fb423d8525fcca5dd288f862,99,neutra,1.02
38f51967fb423d8525fcca5dd288f862,100,neutra,0.86
38f51967fb423d8525fcca5dd288f862,101,negativa,1.19
38f51967fb423d8525fcca5dd288f862,102,positiva,0.91
38f51967fb423d8525fcca5dd288f862,103,positiva,0.44
38f51967fb423d8525fcca5dd288f862,104,neutra,1.21
38f51967fb423d8525fcca5dd288f862,105,negativa,3.88
38f51967fb423d8525fcca5dd288f862,106,neutra,2.93
38f51967fb423d8525fcca5dd288f862,107,positiva,3.5
38f51967fb423d8525fcca5dd288f862,108,negativa,0.78
38f51967fb423d8525fcca5dd288f862,109,negativa,0.42
38f51967fb423d8525fcca5dd288f862,110,neutra,0.93
38f51967fb423d8525fcca5dd288f862,111,negativa,0.6
38f51967fb423d8525fcca5dd288f862,112,neutra,0.63
38f51967fb423d8525fcca5dd288f862,113,positiva,1.1
38f51967fb423d8525fcca5dd288f862,114,positiva,0.42
38f51967fb423d8525fcca5dd288f862,115,positiva,0.41
38f51967fb423d8525fcca5dd288f862,116,neutra,0.58
38f51967fb423d8525fcca5dd288f862,117,neutra,0.7
38f51967fb423d8525fcca5dd288f862,118,negativa,0.85
38f51967fb423d8525fcca5dd288f862,119,positiva,0.72
38f51967fb423d8525fcca5dd288f862,120,positiva,0.86
38f51967fb423d8525fcca5dd288f862,121,negativa,0.9
38f51967fb423d8525fcca5dd288f862,122,neutra,0.8
38f51967fb423d8525fcca5dd288f862,123,positiva,0.85
38f51967fb423d8525fcca5dd288f862,124,neutra,0.49
38f51967fb423d8525fcca5dd288f862,125,positiva,1.04
38f51967fb423d8525fcca5dd288f862,126,neutra,0.66
38f51967fb423d8525fcca5dd288f862,127,positiva,0.58
38f51967fb423d8525fcca5dd288f862,128,negativa,0.73
38f51967fb423d8525fcca5dd288f862,129,negativa,0.38
38f51967fb423d8525fcca5dd288f862,130,neutra,0.79
38f51967fb423d8525fcca5dd288f862,131,neutra,0.84
38f51967fb423d8525fcca5dd288f862,132,negativa,15.02
38f51967fb423d8525fcca5dd288f862,133,negativa,2.0
38f51967fb423d8525fcca5dd288f862,134,neutra,2.95
38f51967fb423d8525fcca5dd288f862,135,neutra,1.52
38f51967fb423d8525fcca5dd288f862,136,negativa,0.64
38f51967fb423d8525fcca5dd288f862,137,positiva,0.66
38f51967fb423d8525fcca5dd288f862,138,neutra,0.96
38f51967fb423d8525fcca5dd288f862,139,neutra,0.22
38f51967fb423d8525fcca5dd288f862,140,negativa,0.72
38f51967fb423d8525fcca5dd288f862,141,neutra,1.1
38f51967fb423d8525fcca5dd288f862,142,neutra,0.3
38f51967fb423d8525fcca5dd288f862,143,negativa,0.55
38f51967fb423d8525fcca5dd288f862,144,negativa,0.49
38f51967fb423d8525fcca5dd288f862,145,negativa,0.43
38f51967fb423d8525fcca5dd288f862,146,neutra,0.7
38f51967fb423d8525fcca5dd288f862,147,neutra,0.38
38f51967fb423d8525fcca5dd288f862,148,positiva,0.53
38f51967fb423d8525fcca5dd288f862,149,positiva,0.71
38f51967fb423d8525fcca5dd288f862,150,neutra,0.71
21703170d4fa67a5dc100e429bad474a,1,positiva,105.63
21703170d4fa67a5dc100e429bad474a,2,positiva,22.5
21703170d4fa67a5dc100e429bad474a,3,negativa,20.1
21703170d4fa67a5dc100e429bad474a,4,positiva,33.87
21703170d4fa67a5dc100e429bad474a,5,positiva,8.79
21703170d4fa67a5dc100e429bad474a,6,negativa,22.23
21703170d4fa67a5dc100e429bad474a,7,positiva,9.48
21703170d4fa67a5dc100e429bad474a,8,positiva,8.36
21703170d4fa67a5dc100e429bad474a,9,negativa,15.17
21703170d4fa67a5dc100e429bad474a,10,negativa,3.03
21703170d4fa67a5dc100e429bad474a,11,positiva,6.94
21703170d4fa67a5dc100e429bad474a,12,neutra,6.24
21703170d4fa67a5dc100e429bad474a,13,negativa,10.15
21703170d4fa67a5dc100e429bad474a,14,negativa,9.02
21703170d4fa67a5dc100e429bad474a,15,positiva,10.87
21703170d4fa67a5dc100e429bad474a,16,negativa,4.11
21703170d4fa67a5dc100e429bad474a,17,positiva,8.12
21703170d4fa67a5dc100e429bad474a,18,negativa,18.1
21703170d4fa67a5dc100e429bad474a,19,negativa,8.97
21703170d4fa67a5dc100e429bad474a,20,negativa,11.22
21703170d4fa67a5dc100e429bad474a,21,negativa,2.46
21703170d4fa67a5dc100e429bad474a,22,positiva,10.76
21703170d4fa67a5dc100e429bad474a,23,neutra,17.92
21703170d4fa67a5dc100e429bad474a,24,positiva,8.84
21703170d4fa67a5dc100e429bad474a,25,negativa,10.12
21703170d4fa67a5dc100e429bad474a,26,neutra,4.03
21703170d4fa67a5dc100e429bad474a,27,negativa,25.95
21703170d4fa67a5dc100e429bad474a,28,negativa,13.24
21703170d4fa67a5dc100e429bad474a,29,positiva,22.52
21703170d4fa67a5dc100e429bad474a,30,negativa,8.39
21703170d4fa67a5dc100e429bad474a,31,positiva,13.66
21703170d4fa67a5dc100e429bad474a,32,positiva,16.19
21703170d4fa67a5dc100e429bad474a,33,neutra,5.39
21703170d4fa67a5dc100e429bad474a,34,positiva,14.09
21703170d4fa67a5dc100e429bad474a,35,negativa,7.98
21703170d4fa67a5dc100e429bad474a,36,neutra,14.96
21703170d4fa67a5dc100e429bad474a,37,negativa,3.88
21703170d4fa67a5dc100e429bad474a,38,neutra,2.92
21703170d4fa67a5dc100e429bad474a,39,neutra,19.77
21703170d4fa67a5dc100e429bad474a,40,negativa,6.61
21703170d4fa67a5dc100e429bad474a,41,positiva,5.71
21703170d4fa67a5dc100e429bad474a,42,negativa,11.79
21703170d4fa67a5dc100e429bad474a,43,positiva,3.24
21703170d4fa67a5dc100e429bad474a,44,positiva,6.53
21703170d4fa67a5dc100e429bad474a,45,neutra,9.21
21703170d4fa67a5dc100e429bad474a,46,neutra,9.22
21703170d4fa67a5dc100e429bad474a,47,positiva,5.84
21703170d4fa67a5dc100e429bad474a,48,negativa,9.55
21703170d4fa67a5dc100e429bad474a,49,negativa,9.43
21703170d4fa67a5dc100e429bad474a,50,negativa,3.03
21703170d4fa67a5dc100e429bad474a,51,negativa,10.46
21703170d4fa67a5dc100e429bad474a,52,negativa,10.22
21703170d4fa67a5dc100e429bad474a,53,neutra,21.68
21703170d4fa67a5dc100e429bad474a,54,positiva,19.03
21703170d4fa67a5dc100e429bad474a,55,neutra,37.19
21703170d4fa67a5dc100e429bad474a,56,negativa,7.01
21703170d4fa67a5dc100e429bad474a,57,neutra,6.97
21703170d4fa67a5dc100e429bad474a,58,positiva,10.96
21703170d4fa67a5dc100e429bad474a,59,positiva,12.01
21703170d4fa67a5dc100e429bad474a,60,positiva,8.15
21703170d4fa67a5dc100e429bad474a,61,positiva,2.25
21703170d4fa67a5dc100e429bad474a,62,negativa,12.27
21703170d4fa67a5dc100e429bad474a,63,negativa,4.42
21703170d4fa67a5dc100e429bad474a,64,negativa,9.28
21703170d4fa67a5dc100e429bad474a,65,negativa,3.5
21703170d4fa67a5dc100e429bad474a,66,positiva,44.34
21703170d4fa67a5dc100e429bad474a,67,positiva,27.68
21703170d4fa67a5dc100e429bad474a,68,negativa,6.96
21703170d4fa67a5dc100e429bad474a,69,neutra,21.88
21703170d4fa67a5dc100e429bad474a,70,neutra,14.82
21703170d4fa67a5dc100e429bad474a,71,neutra,10.58
21703170d4fa67a5dc100e429bad474a,72,negativa,5.25
21703170d4fa67a5dc100e429bad474a,73,negativa,10.14
21703170d4fa67a5dc100e429bad474a,74,neutra,6.19
21703170d4fa67a5dc100e429bad474a,75,positiva,9.43
21703170d4fa67a5dc100e429bad474a,76,negativa,9.2
21703170d4fa67a5dc100e429bad474a,77,positiva,21.66
21703170d4fa67a5dc100e429bad474a,78,negativa,4.07
21703170d4fa67a5dc100e429bad474a,79,negativa,28.7
21703170d4fa67a5dc100e429bad474a,80,negativa,3.24
21703170d4fa67a5dc100e429bad474a,81,positiva,7.17
21703170d4fa67a5dc100e429bad474a,82,negativa,2.45
21703170d4fa67a5dc100e429bad474a,83,negativa,7.7
21703170d4fa67a5dc100e429bad474a,84,negativa,13.71
21703170d4fa67a5dc100e429bad474a,85,neutra,5.73
21703170d4fa67a5dc100e429bad474a,86,neutra,4.55
21703170d4fa67a5dc100e429bad474a,87,negativa,3.19
21703170d4fa67a5dc100e429bad474a,88,positiva,64.69
21703170d4fa67a5dc100e429bad474a,89,negativa,21.97
21703170d4fa67a5dc100e429bad474a,90,negativa,6.93
21703170d4fa67a5dc100e429bad474a,91,positiva,12.83
21703170d4fa67a5dc100e429bad474a,92,positiva,3.27
21703170d4fa67a5dc100e429bad474a,93,positiva,23.37
21703170d4fa67a5dc100e429bad474a,94,neutra,13.83
21703170d4fa67a5dc100e429bad474a,95,negativa,4.7
21703170d4fa67a5dc100e429bad474a,96,positiva,15.84
21703170d4fa67a5dc100e429bad474a,97,neutra,3.52
21703170d4fa67a5dc100e429bad474a,98,positiva,7.59
21703170d4fa67a5dc100e429bad474a,99,negativa,28.94
21703170d4fa67a5dc100e429bad474a,100,neutra,14.06
21703170d4fa67a5dc100e429bad474a,101,positiva,5.44
21703170d4fa67a5dc100e429bad474a,102,negativa,4.53
21703170d4fa67a5dc100e429bad474a,103,negativa,6.5
21703170d4fa67a5dc100e429bad474a,104,neutra,3.65
21703170d4fa67a5dc100e429bad474a,105,neutra,8.0
21703170d4fa67a5dc100e429bad474a,106,positiva,9.15
21703170d4fa67a5dc100e429bad474a,107,neutra,4.1
21703170d4fa67a5dc100e429bad474a,108,positiva,9.9
21703170d4fa67a5dc100e429bad474a,109,positiva,23.12
21703170d4fa67a5dc100e429bad474a,110,positiva,4.22
21703170d4fa67a5dc100e429bad474a,111,negativa,10.91
21703170d4fa67a5dc100e429bad474a,112,negativa,19.7
21703170d4fa67a5dc100e429bad474a,113,neutra,13.74
21703170d4fa67a5dc100e429bad474a,114,positiva,7.83
21703170d4fa67a5dc100e429bad474a,115,negativa,2.44
21703170d4fa67a5dc100e429bad474a,116,negativa,12.71
21703170d4fa67a5dc100e429bad474a,117,positiva,5.29
21703170d4fa67a5dc100e429bad474a,118,neutra,4.58
21703170d4fa67a5dc100e429bad474a,119,positiva,16.2
21703170d4fa67a5dc100e429bad474a,120,positiva,11.79
21703170d4fa67a5dc100e429bad474a,121,positiva,11.58
21703170d4fa67a5dc100e429bad474a,122,neutra,48.94
21703170d4fa67a5dc100e429bad474a,123,negativa,2.46
21703170d4fa67a5dc100e429bad474a,124,positiva,2.26
21703170d4fa67a5dc100e429bad474a,125,neutra,1.26
21703170d4fa67a5dc100e429bad474a,126,negativa,6.16
21703170d4fa67a5dc100e429bad474a,127,neutra,3.92
21703170d4fa67a5dc100e429bad474a,128,positiva,3.93
21703170d4fa67a5dc100e429bad474a,129,negativa,4.47
21703170d4fa67a5dc100e429bad474a,130,negativa,5.62
21703170d4fa67a5dc100e429bad474a,131,positiva,5.04
21703170d4fa67a5dc100e429bad474a,132,negativa,10.56
21703170d4fa67a5dc100e429bad474a,133,positiva,7.02
21703170d4fa67a5dc100e429bad474a,134,neutra,2.63
21703170d4fa67a5dc100e429bad474a,135,positiva,4.72
21703170d4fa67a5dc100e429bad474a,136,negativa,7.38
21703170d4fa67a5dc100e429bad474a,137,negativa,3.4
21703170d4fa67a5dc100e429bad474a,138,neutra,5.26
21703170d4fa67a5dc100e429bad474a,139,positiva,2.88
21703170d4fa67a5dc100e429bad474a,140,negativa,14.02
21703170d4fa67a5dc100e429bad474a,141,negativa,2.34
21703170d4fa67a5dc100e429bad474a,142,positiva,10.34
21703170d4fa67a5dc100e429bad474a,143,negativa,3.34
21703170d4fa67a5dc100e429bad474a,144,negativa,2.72
21703170d4fa67a5dc100e429bad474a,145,positiva,3.18
21703170d4fa67a5dc100e429bad474a,146,positiva,6.86
21703170d4fa67a5dc100e429bad474a,147,positiva,2.99
21703170d4fa67a5dc100e429bad474a,148,neutra,10.5
21703170d4fa67a5dc100e429bad474a,149,neutra,8.98
21703170d4fa67a5dc100e429bad474a,150,positiva,7.05
77da0ef6622c18e6a245f2609d5fc04b,1,positiva,293.97
77da0ef6622c18e6a245f2609d5fc04b,2,positiva,237.62
77da0ef6622c18e6a245f2609d5fc04b,3,negativa,13.89
77da0ef6622c18e6a245f2609d5fc04b,4,negativa,16.99
77da0ef6622c18e6a245f2609d5fc04b,5,positiva,14.19
77da0ef6622c18e6a245f2609d5fc04b,6,neutra,108.24
77da0ef6622c18e6a245f2609d5fc04b,7,positiva,3.28
77da0ef6622c18e6a245f2609d5fc04b,8,positiva,4.87
77da0ef6622c18e6a245f2609d5fc04b,9,negativa,10.82
77da0ef6622c18e6a245f2609d5fc04b,10,neutra,6.9
77da0ef6622c18e6a245f2609d5fc04b,11,negativa,800.64
77da0ef6622c18e6a245f2609d5fc04b,12,neutra,1582.19
77da0ef6622c18e6a245f2609d5fc04b,13,positiva,7.85
77da0ef6622c18e6a245f2609d5fc04b,14,negativa,24.85
77da0ef6622c18e6a245f2609d5fc04b,15,positiva,24.45
77da0ef6622c18e6a245f2609d5fc04b,16,negativa,3.9
77da0ef6622c18e6a245f2609d5fc04b,17,neutra,5.24
77da0ef6622c18e6a245f2609d5fc04b,18,negativa,21.02
77da0ef6622c18e6a245f2609d5fc04b,19,negativa,12.23
77da0ef6622c18e6a245f2609d5fc04b,20,neutra,12.37
77da0ef6622c18e6a245f2609d5fc04b,21,negativa,2.65
77da0ef6622c18e6a245f2609d5fc04b,22,negativa,8.58
77da0ef6622c18e6a245f2609d5fc04b,23,neutra,12.23
77da0ef6622c18e6a245f2609d5fc04b,24,positiva,8.44
77da0ef6622c18e6a245f2609d5fc04b,25,negativa,10.13
77da0ef6622c18e6a245f2609d5fc04b,26,neutra,17.37
77da0ef6622c18e6a245f2609d5fc04b,27,positiva,13.67
77da0ef6622c18e6a245f2609d5fc04b,28,positiva,19.07
77da0ef6622c18e6a245f2609d5fc04b,29,negativa,21.28
77da0ef6622c18e6a245f2609d5fc04b,30,negativa,5.86
77da0ef6622c18e6a245f2609d5fc04b,31,positiva,11.56
77da0ef6622c18e6a245f2609d5fc04b,32,neutra,19.46
77da0ef6622c18e6a245f2609d5fc04b,33,neutra,5.52
77da0ef6622c18e6a245f2609d5fc04b,34,positiva,6.39
77da0ef6622c18e6a245f2609d5fc04b,35,neutra,11.07
77da0ef6622c18e6a245f2609d5fc04b,36,neutra,24.4
77da0ef6622c18e6a245f2609d5fc04b,37,negativa,138.47
77da0ef6622c18e6a245f2609d5fc04b,38,neutra,7.49
77da0ef6622c18e6a245f2609d5fc04b,39,positiva,8.14
77da0ef6622c18e6a245f2609d5fc04b,40,negativa,7.28
77da0ef6622c18e6a245f2609d5fc04b,41,positiva,7.39
77da0ef6622c18e6a245f2609d5fc04b,42,negativa,7.71
77da0ef6622c18e6a245f2609d5fc04b,43,negativa,7.58
77da0ef6622c18e6a245f2609d5fc04b,44,neutra,8.03
77da0ef6622c18e6a245f2609d5fc04b,45,neutra,5.97
77da0ef6622c18e6a245f2609d5fc04b,46,neutra,9.03
77da0ef6622c18e6a245f2609d5fc04b,47,positiva,13.46
77da0ef6622c18e6a245f2609d5fc04b,48,negativa,19.16
77da0ef6622c18e6a245f2609d5fc04b,49,negativa,10.01
77da0ef6622c18e6a245f2609d5fc04b,50,negativa,6.68
77da0ef6622c18e6a245f2609d5fc04b,51,positiva,8.2
77da0ef6622c18e6a245f2609d5fc04b,52,negativa,6.08
77da0ef6622c18e6a245f2609d5fc04b,53,neutra,16.05
77da0ef6622c18e6a245f2609d5fc04b,54,positiva,12.56
77da0ef6622c18e6a245f2609d5fc04b,55,negativa,9.54
77da0ef6622c18e6a245f2609d5fc04b,56,neutra,19.55
77da0ef6622c18e6a245f2609d5fc04b,57,neutra,2.2
77da0ef6622c18e6a245f2609d5fc04b,58,neutra,27.92
77da0ef6622c18e6a245f2609d5fc04b,59,positiva,19.55
77da0ef6622c18e6a245f2609d5fc04b,60,positiva,5.8
77da0ef6622c18e6a245f2609d5fc04b,61,positiva,2.21
77da0ef6622c18e6a245f2609d5fc04b,62,neutra,8.15
77da0ef6622c18e6a245f2609d5fc04b,63,negativa,4.3
77da0ef6622c18e6a245f2609d5fc04b,64,negativa,8.96
77da0ef6622c18e6a245f2609d5fc04b,65,negativa,2.64
77da0ef6622c18e6a245f2609d5fc04b,66,negativa,4.78
77da0ef6622c18e6a245f2609d5fc04b,67,negativa,16.07
77da0ef6622c18e6a245f2609d5fc04b,68,negativa,12.16
77da0ef6622c18e6a245f2609d5fc04b,69,positiva,9.21
77da0ef6622c18e6a245f2609d5fc04b,70,neutra,15.41
77da0ef6622c18e6a245f2609d5fc04b,71,negativa,7.56
77da0ef6622c18e6a245f2609d5fc04b,72,negativa,4.32
77da0ef6622c18e6a245f2609d5fc04b,73,negativa,3.29
77da0ef6622c18e6a245f2609d5fc04b,74,negativa,9.0
77da0ef6622c18e6a245f2609d5fc04b,75,positiva,10.36
77da0ef6622c18e6a245f2609d5fc04b,76,neutra,6.94
77da0ef6622c18e6a245f2609d5fc04b,77,neutra,17.6
77da0ef6622c18e6a245f2609d5fc04b,78,neutra,6.1
77da0ef6622c18e6a245f2609d5fc04b,79,positiva,8.93
77da0ef6622c18e6a245f2609d5fc04b,80,neutra,5.08
77da0ef6622c18e6a245f2609d5fc04b,81,positiva,13.76
77da0ef6622c18e6a245f2609d5fc04b,82,negativa,4.34
77da0ef6622c18e6a245f2609d5fc04b,83,negativa,4.75
77da0ef6622c18e6a245f2609d5fc04b,84,neutra,21.09
77da0ef6622c18e6a245f2609d5fc04b,85,neutra,5.77
77da0ef6622c18e6a245f2609d5fc04b,86,positiva,11.1
77da0ef6622c18e6a245f2609d5fc04b,87,neutra,5.7
77da0ef6622c18e6a245f2609d5fc04b,88,negativa,6.06
77da0ef6622c18e6a245f2609d5fc04b,89,positiva,9.3
77da0ef6622c18e6a245f2609d5fc04b,90,negativa,7.65
77da0ef6622c18e6a245f2609d5fc04b,91,neutra,8.85
77da0ef6622c18e6a245f2609d5fc04b,92,positiva,8.07
77da0ef6622c18e6a245f2609d5fc04b,93,positiva,12.13
77da0ef6622c18e6a245f2609d5fc04b,94,neutra,16.49
77da0ef6622c18e6a245f2609d5fc04b,95,negativa,5.03
77da0ef6622c18e6a245f2609d5fc04b,96,positiva,7.19
77da0ef6622c18e6a245f2609d5fc04b,97,neutra,5.3
77da0ef6622c18e6a245f2609d5fc04b,98,positiva,4.16
77da0ef6622c18e6a245f2609d5fc04b,99,negativa,44.81
77da0ef6622c18e6a245f2609d5fc04b,100,positiva,12.52
77da0ef6622c18e6a245f2609d5fc04b,101,positiva,3.9
77da0ef6622c18e6a245f2609d5fc04b,102,negativa,10.0
77da0ef6622c18e6a245f2609d5fc04b,103,negativa,8.17
77da0ef6622c18e6a245f2609d5fc04b,104,neutra,5.57
77da0ef6622c18e6a245f2609d5fc04b,105,neutra,18.51
77da0ef6622c18e6a245f2609d5fc04b,106,positiva,5.54
77da0ef6622c18e6a245f2609d5fc04b,107,positiva,9.64
77da0ef6622c18e6a245f2609d5fc04b,108,positiva,10.13
77da0ef6622c18e6a245f2609d5fc04b,109,positiva,26.0
77da0ef6622c18e6a245f2609d5fc04b,110,positiva,2.9
77da0ef6622c18e6a245f2609d5fc04b,111,neutra,7.26
77da0ef6622c18e6a245f2609d5fc04b,112,neutra,18.59
77da0ef6622c18e6a245f2609d5fc04b,113,neutra,7.02
77da0ef6622c18e6a245f2609d5fc04b,114,positiva,5.3
77da0ef6622c18e6a245f2609d5fc04b,115,negativa,3.45
77da0ef6622c18e6a245f2609d5fc04b,116,negativa,6.97
77da0ef6622c18e6a245f2609d5fc04b,117,positiva,8.14
77da0ef6622c18e6a245f2609d5fc04b,118,neutra,9.44
77da0ef6622c18e6a245f2609d5fc04b,119,positiva,9.45
77da0ef6622c18e6a245f2609d5fc04b,120,positiva,2.59
77da0ef6622c18e6a245f2609d5fc04b,121,neutra,10.64
77da0ef6622c18e6a245f2609d5fc04b,122,negativa,45.11
77da0ef6622c18e6a245f2609d5fc04b,123,negativa,4.28
77da0ef6622c18e6a245f2609d5fc04b,124,positiva,4.47
77da0ef6622c18e6a245f2609d5fc04b,125,neutra,2.28
77da0ef6622c18e6a245f2609d5fc04b,126,negativa,3.89
77da0ef6622c18e6a245f2609d5fc04b,127,positiva,6.86
77da0ef6622c18e6a245f2609d5fc04b,128,negativa,4.55
77da0ef6622c18e6a245f2609d5fc04b,129,neutra,8.06
77da0ef6622c18e6a245f2609d5fc04b,130,negativa,10.31
77da0ef6622c18e6a245f2609d5fc04b,131,negativa,5.39
77da0ef6622c18e6a245f2609d5fc04b,132,neutra,10.98
77da0ef6622c18e6a245f2609d5fc04b,133,positiva,3.68
77da0ef6622c18e6a245f2609d5fc04b,134,neutra,3.51
77da0ef6622c18e6a245f2609d5fc04b,135,positiva,11.89
77da0ef6622c18e6a245f2609d5fc04b,136,neutra,8.53
77da0ef6622c18e6a245f2609d5fc04b,137,negativa,7.92
77da0ef6622c18e6a245f2609d5fc04b,138,neutra,6.96
77da0ef6622c18e6a245f2609d5fc04b,139,neutra,5.27
77da0ef6622c18e6a245f2609d5fc04b,140,negativa,17.01
77da0ef6622c18e6a245f2609d5fc04b,141,negativa,3.4
77da0ef6622c18e6a245f2609d5fc04b,142,positiva,6.34
77da0ef6622c18e6a245f2609d5fc04b,143,negativa,7.86
77da0ef6622c18e6a245f2609d5fc04b,144,negativa,9.32
77da0ef6622c18e6a245f2609d5fc04b,145,positiva,5.89
77da0ef6622c18e6a245f2609d5fc04b,146,positiva,17.07
77da0ef6622c18e6a245f2609d5fc04b,147,positiva,4.17
77da0ef6622c18e6a245f2609d5fc04b,148,neutra,10.12
77da0ef6622c18e6a245f2609d5fc04b,149,neutra,4.35
77da0ef6622c18e6a245f2609d5fc04b,150,positiva,7.21
